{
  "client.dll": {
    "dwCSGOInput": 27969168,
    "dwEntityList": 27486688,
    "dwGameEntitySystem": 28694312,
    "dwGameEntitySystem_highestEntityIndex": 8432,
    "dwGameRules": 27908112,
    "dwGlobalVars": 25685104,
    "dwGlowManager": 27908144,
    "dwLocalPlayerController": 27820128,
    "dwLocalPlayerPawn": 25734928,
    "dwPlantedC4": 27949520,
    "dwPrediction": 25734544,
    "dwSensitivity": 27913736,
    "dwSensitivity_sensitivity": 64,
    "dwViewAngles": 27970144,
    "dwViewMatrix": 27928528,
    "dwViewRender": 27930592,
    "dwWeaponC4": 27503712
  },
  "engine2.dll": {
    "dwBuildNumber": 5508068,
    "dwNetworkGameClient": 5504224,
    "dwNetworkGameClient_clientTickCount": 872,
    "dwNetworkGameClient_deltaTick": 636,
    "dwNetworkGameClient_isBackgroundMap": 2626631,
    "dwNetworkGameClient_localPlayer": 240,
    "dwNetworkGameClient_maxClients": 568,
    "dwNetworkGameClient_serverTickCount": 876,
    "dwNetworkGameClient_signOnState": 552,
    "dwWindowHeight": 6436100,
    "dwWindowWidth": 6436096
  },
  "inputsystem.dll": {
    "dwInputSystem": 231392
  },
  "matchmaking.dll": {
    "dwGameTypes": 1716624,
    "dwGameTypes_mapName": 288
  },
  "soundsystem.dll": {
    "dwSoundSystem": 3806704,
    "dwSoundSystem_engineViewData": 124
  }
}